BEGIN TRANSACTION;
INSERT INTO "Category" ("category_id","name","created_at") VALUES (1,'Matemáticas','2025-07-19 01:31:01'),
 (2,'Ciencias','2025-07-19 01:31:01'),
 (3,'Historia','2025-07-19 01:31:01'),
 (4,'Literatura','2025-07-19 01:31:01'),
 (5,'Tecnología','2025-07-19 01:31:01'),
 (6,'Programación','2025-07-19 01:34:57'),
 (7,'Bases de Datos','2025-07-19 01:34:57'),
 (8,'Redes','2025-07-19 01:34:57'),
 (9,'Seguridad Informática','2025-07-19 01:34:57'),
 (10,'Inteligencia Artificial','2025-07-19 01:34:57');
INSERT INTO "Exam" ("exam_id","name","description","duration_minutes","created_at","updated_at") VALUES (1,'Examen de Matemáticas Básicas','Evaluación de conceptos fundamentales de matemáticas',60,'2025-07-19 01:31:01','2025-07-19 01:31:01'),
 (2,'Ciencias Generales','Prueba sobre principios básicos de ciencias naturales',45,'2025-07-19 01:31:01','2025-07-19 01:31:01'),
 (3,'Historia Universal','Examen sobre hitos históricos importantes',50,'2025-07-19 01:31:01','2025-07-19 01:31:01'),
 (4,'Examen Integral','Evaluación combinada de múltiples materias',90,'2025-07-19 01:31:01','2025-07-19 01:31:01'),
 (5,'Certificación Python','Evaluación de conceptos avanzados de Python',90,'2025-07-19 01:34:57','2025-07-19 01:34:57'),
 (6,'Fundamentos de SQL','Prueba de habilidades básicas y intermedias en SQL',60,'2025-07-19 01:34:57','2025-07-19 01:34:57'),
 (7,'Seguridad en Redes','Examen sobre protocolos seguros y vulnerabilidades',75,'2025-07-19 01:34:57','2025-07-19 01:34:57'),
 (11,'Cloud Computing','Conceptos de AWS, Azure y GCP',80,'2025-07-19 01:34:57','2025-07-19 01:34:57'),
 (15,'Examen Aleatorio Generado','Mezcla de preguntas de varias categorías',75,'2025-07-19 01:34:57','2025-07-19 01:34:57');
INSERT INTO "ExamQuestion" ("exam_id","question_id") VALUES (1,1),
 (1,2),
 (1,3),
 (1,4),
 (2,5),
 (2,6),
 (2,7),
 (2,8),
 (3,9),
 (3,10),
 (3,11),
 (3,12),
 (4,1),
 (4,3),
 (4,6),
 (4,8),
 (4,10),
 (4,12),
 (5,13),
 (5,15),
 (5,17),
 (6,18),
 (6,19),
 (6,20),
 (6,21),
 (6,22),
 (7,23),
 (7,24),
 (7,25),
 (7,26),
 (7,27),
 (11,13),
 (11,15),
 (11,19),
 (11,21),
 (11,25),
 (11,26),
 (15,8),
 (15,10),
 (15,3),
 (15,17),
 (15,23),
 (15,9),
 (15,22),
 (15,1),
 (15,13),
 (15,25);
INSERT INTO "Option" ("option_id","text","is_correct","question_id") VALUES (1,'3.14',1,1),
 (2,'3.16',0,1),
 (3,'3.12',0,1),
 (4,'3.18',0,1),
 (5,'Verdadero',1,2),
 (6,'Falso',0,2),
 (7,'120',1,3),
 (8,'25',0,3),
 (9,'60',0,3),
 (10,'100',0,3),
 (11,'Verdadero',1,4),
 (12,'Falso',0,4),
 (13,'Verdadero',1,5),
 (14,'Falso',0,5),
 (15,'Nitrógeno',1,6),
 (16,'Oxígeno',0,6),
 (17,'Dióxido de carbono',0,6),
 (18,'Hidrógeno',0,6),
 (19,'Verdadero',1,7),
 (20,'Falso',0,7),
 (21,'Gen',1,8),
 (22,'Célula',0,8),
 (23,'Átomo',0,8),
 (24,'Proteína',0,8),
 (25,'Verdadero',1,9),
 (26,'Falso',0,9),
 (27,'Cristóbal Colón',1,10),
 (28,'Américo Vespucio',0,10),
 (29,'Fernando de Magallanes',0,10),
 (30,'Vasco da Gama',0,10),
 (31,'Verdadero',1,11),
 (32,'Falso',0,11),
 (33,'Inglaterra',1,12),
 (34,'Francia',0,12),
 (35,'Alemania',0,12),
 (36,'Estados Unidos',0,12),
 (37,'Falso',1,13),
 (38,'Verdadero',0,13),
 (39,'Orientado a Objetos',1,14),
 (40,'Funcional',0,14),
 (41,'Procedural',0,14),
 (42,'Lógico',0,14),
 (43,'Falso',1,15),
 (44,'Verdadero',0,15),
 (45,'O(n²)',1,16),
 (46,'O(n log n)',0,16),
 (47,'O(n)',0,16),
 (48,'O(log n)',0,16),
 (49,'Verdadero',1,17),
 (50,'Falso',0,17),
 (51,'Verdadero',1,18),
 (52,'Falso',0,18),
 (53,'SQL',1,19),
 (54,'NoSQL',0,19),
 (55,'GraphQL',0,19),
 (56,'JSON',0,19),
 (57,'Falso',1,20),
 (58,'Verdadero',0,20),
 (59,'FULL OUTER JOIN',1,21),
 (60,'INNER JOIN',0,21),
 (61,'LEFT JOIN',0,21),
 (62,'RIGHT JOIN',0,21),
 (63,'Verdadero',1,22),
 (64,'Falso',0,22),
 (65,'Verdadero',1,23),
 (66,'Falso',0,23),
 (67,'DHCP',1,24),
 (68,'DNS',0,24),
 (69,'FTP',0,24),
 (70,'SMTP',0,24),
 (71,'Verdadero',1,25),
 (72,'Falso',0,25),
 (73,'Router',1,26),
 (74,'Switch',0,26),
 (75,'Hub',0,26),
 (76,'Modem',0,26),
 (77,'Falso',1,27),
 (78,'Verdadero',0,27);
INSERT INTO "Question" ("question_id","text","type","category_id","created_at","updated_at","source") VALUES (1,'¿Cuál es el valor de π aproximado a dos decimales?','multiple_choice',1,'2025-07-19 01:31:01','2025-07-19 01:31:01','manual'),
 (2,'La suma de los ángulos internos de un triángulo es 180 grados.','true_false',1,'2025-07-19 01:31:01','2025-07-19 01:31:01','manual'),
 (3,'¿Cuál es el resultado de 5! (factorial)?','multiple_choice',1,'2025-07-19 01:31:01','2025-07-19 01:31:01','manual'),
 (4,'La ecuación x² - 5x + 6 = 0 tiene raíces reales.','true_false',1,'2025-07-19 01:31:01','2025-07-19 01:31:01','manual'),
 (5,'El agua hierve a 100°C a nivel del mar.','true_false',2,'2025-07-19 01:31:01','2025-07-19 01:31:01','manual'),
 (6,'¿Cuál es el elemento más abundante en la atmósfera terrestre?','multiple_choice',2,'2025-07-19 01:31:01','2025-07-19 01:31:01','manual'),
 (7,'La fotosíntesis produce oxígeno.','true_false',2,'2025-07-19 01:31:01','2025-07-19 01:31:01','manual'),
 (8,'¿Cuál es la unidad básica de la herencia?','multiple_choice',2,'2025-07-19 01:31:01','2025-07-19 01:31:01','manual'),
 (9,'La Revolución Francesa comenzó en 1789.','true_false',3,'2025-07-19 01:31:01','2025-07-19 01:31:01','manual'),
 (10,'¿Quién descubrió América?','multiple_choice',3,'2025-07-19 01:31:01','2025-07-19 01:31:01','manual'),
 (11,'La Segunda Guerra Mundial terminó en 1945.','true_false',3,'2025-07-19 01:31:01','2025-07-19 01:31:01','manual'),
 (12,'¿Dónde se originó la Revolución Industrial?','multiple_choice',3,'2025-07-19 01:31:01','2025-07-19 01:31:01','manual'),
 (13,'Python es un lenguaje de tipado estático.','true_false',6,'2025-07-19 01:34:57','2025-07-19 01:34:57','manual'),
 (14,'¿Qué paradigma de programación se basa en objetos?','multiple_choice',6,'2025-07-19 01:34:57','2025-07-19 01:34:57','manual'),
 (15,'En JavaScript, "==" y "===" realizan la misma comparación.','true_false',6,'2025-07-19 01:34:57','2025-07-19 01:34:57','manual'),
 (16,'¿Cuál es la complejidad temporal del algoritmo Quicksort en el peor caso?','multiple_choice',6,'2025-07-19 01:34:57','2025-07-19 01:34:57','manual'),
 (17,'Git es un sistema de control de versiones distribuido.','true_false',6,'2025-07-19 01:34:57','2025-07-19 01:34:57','manual'),
 (18,'SQLite es una base de datos relacional.','true_false',7,'2025-07-19 01:34:57','2025-07-19 01:34:57','manual'),
 (19,'¿Cuál es el lenguaje estándar para gestionar bases de datos relacionales?','multiple_choice',7,'2025-07-19 01:34:57','2025-07-19 01:34:57','manual'),
 (20,'En SQL, "TRUNCATE TABLE" elimina la estructura de la tabla.','true_false',7,'2025-07-19 01:34:57','2025-07-19 01:34:57','manual'),
 (21,'¿Qué tipo de JOIN devuelve todos los registros de ambas tablas?','multiple_choice',7,'2025-07-19 01:34:57','2025-07-19 01:34:57','manual'),
 (22,'MongoDB es una base de datos orientada a documentos.','true_false',7,'2025-07-19 01:34:57','2025-07-19 01:34:57','manual'),
 (23,'TCP garantiza la entrega de paquetes en orden.','true_false',8,'2025-07-19 01:34:57','2025-07-19 01:34:57','manual'),
 (24,'¿Qué protocolo se utiliza para asignar direcciones IP automáticamente?','multiple_choice',8,'2025-07-19 01:34:57','2025-07-19 01:34:57','manual'),
 (25,'HTTP utiliza el puerto 80 por defecto.','true_false',8,'2025-07-19 01:34:57','2025-07-19 01:34:57','manual'),
 (26,'¿Qué dispositivo opera en la capa 3 del modelo OSI?','multiple_choice',8,'2025-07-19 01:34:57','2025-07-19 01:34:57','manual'),
 (27,'Una dirección IPv4 tiene 128 bits.','true_false',8,'2025-07-19 01:34:57','2025-07-19 01:34:57','manual');
INSERT INTO "Result" ("result_id","exam_id","score","correct_answers","incorrect_answers","time_used","taken_at") VALUES (1,1,75,3,1,1800,'2025-07-19 01:31:01'),
 (2,1,100,4,0,2100,'2025-07-19 01:31:01'),
 (3,1,50,2,2,1500,'2025-07-19 01:31:01'),
 (4,2,100,4,0,2000,'2025-07-19 01:31:01'),
 (5,2,75,3,1,1800,'2025-07-19 01:31:01'),
 (6,2,50,2,2,1600,'2025-07-19 01:31:01'),
 (7,4,83,5,1,3200,'2025-07-19 01:31:01'),
 (8,4,66,4,2,2800,'2025-07-19 01:31:01'),
 (9,5,90,2,1,4800,'2025-07-19 01:34:57'),
 (10,6,80,4,1,3200,'2025-07-19 01:34:57'),
 (11,7,70,3,2,3500,'2025-07-19 01:34:57'),
 (12,11,85,5,1,7200,'2025-07-19 01:34:57'),
 (13,11,66,4,2,6142,'2025-07-19 01:34:57'),
 (14,11,90,5,2,8554,'2025-07-19 01:34:57'),
 (15,11,78,4,2,8569,'2025-07-19 01:34:57'),
 (16,11,73,5,2,6042,'2025-07-19 01:34:57'),
 (17,11,61,5,1,6438,'2025-07-19 01:34:57');
INSERT INTO "UserAnswer" ("result_id","question_id","option_id","is_correct") VALUES (1,1,1,1),
 (1,2,10,1),
 (1,3,7,0),
 (1,4,13,1),
 (2,1,1,1),
 (2,2,10,1),
 (2,3,6,1),
 (2,4,13,1),
 (4,5,15,1),
 (4,6,17,1),
 (4,7,19,1),
 (4,8,22,1),
 (7,1,1,1),
 (7,3,6,1),
 (7,6,17,1),
 (7,8,22,1),
 (7,10,26,0),
 (7,12,30,1),
 (8,13,33,1),
 (8,15,35,1),
 (8,17,38,1),
 (9,18,39,1),
 (9,19,41,1),
 (9,20,44,1),
 (9,21,45,0),
 (9,22,48,1),
 (10,23,49,1),
 (10,24,51,1),
 (10,25,53,1),
 (10,26,55,0),
 (10,27,57,1);
 COMMIT;
 